Title,url
臀- 维基百科，自由的百科全书,https://zh.wikipedia.org/zh-tw/%E8%87%80
【翹臀養成】4個動作訓練臀大肌，翹臀效果超有感！ - Epic ...,https://www.epicmethods.com.tw/%E7%BF%B9%E8%87%80/
想練翹臀？！先確認你是哪一種屁股？再練！ - World Gym Blog,https://blog.worldgymtaiwan.com/hips-muscles-workout-the-five-hip-types
哪種臀部運動CP值最高？四個最有效動作練出翹臀！ | ELLE HK,https://www.elle.com.hk/beauty_and_health/hip-finess-excercise-4-types
三招翹臀小祕訣一次練成!! 每天只要3分鐘讓你屁股超有感| 美人 ...,https://www.vogue.com.tw/beautyblog/abby/article/3025
教練教你練出蜜桃臀！健身房新手必練5大臀部訓練. 羨慕歐美 ...,https://medium.com/@fit_58685/%E6%95%99%E7%B7%B4%E6%95%99%E4%BD%A0%E7%B7%B4%E5%87%BA%E8%9C%9C%E6%A1%83%E8%87%80-%E5%81%A5%E8%BA%AB%E6%88%BF%E6%96%B0%E6%89%8B%E5%BF%85%E7%B7%B45%E5%A4%A7%E8%87%80%E9%83%A8%E8%A8%93%E7%B7%B4-ef272ee9fda4
臀部_百度百科,https://baike.baidu.com/item/%E8%87%80%E9%83%A8
救救讓男人倒胃口的方屁股！每天只要3分鐘，超簡單翹臀運動 ...,https://www.cosmopolitan.com/tw/beauty/fitness/g25421554/hip-movement/
翹臀怎麼練？｜七個有效率動作｜臀部攻略- YouTube,https://www.youtube.com/watch?v=nMs-wYip5RY
家中臀部、核心訓練｜跟著May練翹臀｜女性翹臀計畫EP-04 ...,https://www.youtube.com/watch?v=F94picjYyhE
臀部訓練- 優惠推薦- 2020年8月|蝦皮購物台灣,https://shopee.tw/search?keyword=%E8%87%80%E9%83%A8%E8%A8%93%E7%B7%B4
臀部按摩- 優惠推薦- 2020年8月|蝦皮購物台灣,https://shopee.tw/search?keyword=%E8%87%80%E9%83%A8%E6%8C%89%E6%91%A9
Hip Circle 翹臀圈臀部圈阻力圈彈力圈臀部啟動髖部熱身訓練 ...,https://www.ruten.com.tw/item/show?21819006098655
誰說練臀部得深蹲？筋肉媽媽：比起臀部翹不翹，如果有這款 ...,https://www.storm.mg/lifestyle/289176
女生的屁股影響視覺外觀超大！臀部快點練起來| 健康瘦身| 瘦身 ...,https://health.udn.com/health/story/6032/4734521
臀部鍛鍊：練出翹臀- Google Play 應用程式,https://play.google.com/store/apps/details?id=buttocksworkout.hipsworkout.bootyworkout.legworkouts&hl=zh_TW
護膝練屁股更有效！躺著做30秒「臀部伸展操」 健康自在走到 ...,https://health.tvbs.com.tw/regimen/319996
在家就可做的10個臀部伸展動作有效放鬆久坐的緊繃肌肉| 運動 ...,https://www.sportsplanetmag.com/article/desc/200005594
搜尋結果：臀部按摩- PChome線上購物,https://ecshweb.pchome.com.tw/search/v3.3/?q=%E8%87%80%E9%83%A8%E6%8C%89%E6%91%A9
久坐族小心「臀部失憶症」！這樣喚醒沉睡屁屁- 生活- 中時新聞網,https://www.chinatimes.com/realtimenews/20200201002700-260405
臀部- 教育百科,https://pedia.cloud.edu.tw/Entry/Detail/?title=%E8%87%80%E9%83%A8
基礎核心肌群訓練（臀部篇）,https://www.budomart.com.tw/pages/core-muscle-gluteal
屁股又肥又大怎么减肥? 减臀部赘肉最快最有效的方法 - Weibo,https://www.weibo.com/ttarticle/p/show?id=2309614138785423117027
該如何啟動我的臀部肌肉？ - 肌力訓練- Joiiup,https://www.joiiup.com/knowledge/content/1567
中年後，屁股又扁又塌？簡單3招找回緊實翹臀，不再鬆弛下垂 ...,https://www.businesstoday.com.tw/article/category/80731/post/201911060030/%E4%B8%AD%E5%B9%B4%E5%BE%8C%EF%BC%8C%E5%B1%81%E8%82%A1%E5%8F%88%E6%89%81%E5%8F%88%E5%A1%8C%EF%BC%9F%E7%B0%A1%E5%96%AE3%E6%8B%9B%E6%89%BE%E5%9B%9E%E7%B7%8A%E5%AF%A6%E7%BF%B9%E8%87%80%EF%BC%8C%E4%B8%8D%E5%86%8D%E9%AC%86%E5%BC%9B%E4%B8%8B%E5%9E%82%EF%BC%81%E9%80%A3%E8%B9%B2%E5%BB%81%E6%89%80%E9%83%BD%E8%B6%85%E6%9C%89%E5%8A%9B
【台灣e院】常見問題－臀部,https://sp1.hso.mohw.gov.tw/doctor/Often_question/type_detail.php?q_type=%C1v%B3%A1&UrlClass=%B4%5F%B0%B7%AC%EC
【知識】我跑不快是因為臀部力量不夠嗎？ ｜ 運動筆記,https://running.biji.co/index.php?q=news&act=info&id=102533&subtitle=%E3%80%90%E7%9F%A5%E8%AD%98%E3%80%91%E6%88%91%E8%B7%91%E4%B8%8D%E5%BF%AB%E6%98%AF%E5%9B%A0%E7%82%BA%E8%87%80%E9%83%A8%E5%8A%9B%E9%87%8F%E4%B8%8D%E5%A4%A0%E5%97%8E%EF%BC%9F
膝蓋不適，原來問題在「臀部」！每日3件事練臀肌，減輕膝 ...,https://50plus.cwgv.com.tw/articles/index/14949
